"","nombre","peso","dimensiones","volumen","potencia","opiniones","precio"
"1","
                
                    
                    
                

                
                    
                    
                        AmazonBasics - Aspiradora cilíndrica sin bolsa, 1,5L, 700 W [clase energética A]
                    
                

                
                    
                    
                
            ","4,5 Kg","36,3 x 29,4 x 24,7 cm","1.5 litros","700 vatios","3.873 valoraciones","49,99 €"
"2","
                
                    
                    
                

                
                    
                    
                        Bissell SmartClean Pet Aspiradora, 770 W, 79 Decibelios, Multicolor
                    
                

                
                    
                    
                
            ","9,8 Kg","41,3 x 31,1 x 61,6 cm","-1","770 vatios","66 valoraciones","329,00 €"
"3","
                
                    
                    
                

                
                    
                    
                        Bissell SmartClean Pet Aspiradora, 770 W, 79 Decibelios, Multicolor
                    
                

                
                    
                    
                
            ","9,8 Kg","41,3 x 31,1 x 61,6 cm","-1","770 vatios","66 valoraciones","329,00 €"
"4","
                
                    
                    
                

                
                    
                    
                        Bissell SmartClean Pet Aspiradora, 770 W, 79 Decibelios, Multicolor
                    
                

                
                    
                    
                
            ","9,8 Kg","41,3 x 31,1 x 61,6 cm","-1","770 vatios","66 valoraciones","329,00 €"
"5","
                
                    
                    
                

                
                    
                    
                        Bissell SmartClean Pet Aspiradora, 770 W, 79 Decibelios, Multicolor
                    
                

                
                    
                    
                
            ","9,8 Kg","41,3 x 31,1 x 61,6 cm","-1","770 vatios","66 valoraciones","329,00 €"
"6","
                
                    
                    
                

                
                    
                    
                        Bissell SmartClean Pet Aspiradora, 770 W, 79 Decibelios, Multicolor
                    
                

                
                    
                    
                
            ","9,8 Kg","41,3 x 31,1 x 61,6 cm","-1","770 vatios","66 valoraciones","329,00 €"
"7","
                
                    
                    
                

                
                    
                    
                        Bissell SmartClean Pet Aspiradora, 770 W, 79 Decibelios, Multicolor
                    
                

                
                    
                    
                
            ","9,8 Kg","41,3 x 31,1 x 61,6 cm","-1","770 vatios","66 valoraciones","329,00 €"
"8","
                
                    
                    
                

                
                    
                    
                        Bissell SmartClean Pet Aspiradora, 770 W, 79 Decibelios, Multicolor
                    
                

                
                    
                    
                
            ","9,8 Kg","41,3 x 31,1 x 61,6 cm","-1","770 vatios","66 valoraciones","329,00 €"
"9","
                
                    
                    
                

                
                    
                    
                        Bissell SmartClean Pet Aspiradora, 770 W, 79 Decibelios, Multicolor
                    
                

                
                    
                    
                
            ","9,8 Kg","41,3 x 31,1 x 61,6 cm","-1","770 vatios","66 valoraciones","329,00 €"
"10","
                
                    
                    
                

                
                    
                    
                        Bissell SmartClean Pet Aspiradora, 770 W, 79 Decibelios, Multicolor
                    
                

                
                    
                    
                
            ","9,8 Kg","41,3 x 31,1 x 61,6 cm","-1","770 vatios","66 valoraciones","329,00 €"
